Date,City,Workspace / Cafe (08:00 - 16:00),Afternoon Activity (16:00 - 19:30),Evening / Nightlife (19:30+)
Dec 19,Moscow,Stars Coffee (Arbat District),"Walk down Old Arbat Street, settle in","Dinner at Varenichnaya №1, beers at Kamchatka"
Dec 20,Moscow,Surf Coffee x Milyutinsky,"Red Square, St. Basil’s Cathedral, GUM",Cocktails at Mendeleev Bar (Underground Speakeasy)
Dec 21,Moscow,Skuratov Coffee,Zaryadye Park & Floating Bridge,Techno night at Propaganda Club
Dec 22,Moscow,ABC Coffee Roasters,VDNKh Park & Cosmonautics Museum,Chill drinks and dinner at Blanc
Dec 23,Moscow,Cooperative Chernyi,Tretyakov Gallery (Russian Art),"Bar hopping around Kitay-Gorod (Zinc, Black Swan)"
Dec 24,Moscow,Surf Coffee x Hlebozavod,Flacon Design Factory (Tech/Art hub),Craft beers at Rule Taproom
Dec 25,Moscow,Roaster Coffee,Gorky Park (Ice Skating & stroll),Dinner at Garage Museum Cafe
Dec 26,Moscow,Introvert Place,Moscow Metro Stations Architecture Tour,Live music at Alexey Kozlov Club
Dec 27,Moscow,Stars Coffee (Tverskaya),Tverskaya Street & Pushkin Square,Upscale drinks at Noor Electro
Dec 28,Moscow,Skuratov Coffee,Cathedral of Christ the Saviour,Night out at Gipsy Bar (Red October area)
Dec 29,Moscow,ABC Coffee Roasters,Izmailovo Kremlin (Souvenir shopping),Casual drinks at Zinzin
Dec 30,Moscow,Surf Coffee x Baumanskaya,Artplay Design Center,Pre-NYE dinner & drinks at Depo Food Mall
Dec 31,Moscow,Cooperative Chernyi,Rest and prep for the long night,"NYE: Red Square fireworks, then Mutabor Club"
Jan 01,Moscow,Recovery Day / No Work,Walk around Chistye Prudy,Late casual dinner at Tekhnikum
Jan 02,Moscow,Roaster Coffee,Novodevichy Convent & Pond,Tacos and mezcal at Veladora
Jan 03,Moscow,Introvert Place,Sparrow Hills (City panoramic view),Farewell Moscow drinks at Strelka Bar
Jan 04,Transit,Sapsan Train to St. Petersburg,Check-in & walk Nevsky Prospect,"Dinner at Pelmenya, drinks at Union Bar"
Jan 05,St. Pete,Mad Espresso Team,State Hermitage Museum (Winter Palace),Cocktails at El Copitas (Book in advance)
Jan 06,St. Pete,Surf Coffee x Gorokhovaya,Church of the Savior on Spilled Blood,"Christmas Eve walk, drinks at Mishka Bar"
Jan 07,St. Pete,Civil Coffee Bar,Orthodox Christmas: Kazan Cathedral,Traditional dinner at Severyanin
Jan 08,St. Pete,Smena Cafe,Peter and Paul Fortress,Electronic music at Stackenschneider
Jan 09,St. Pete,Verle Garden,New Holland Island (Ice Skating),Drinks at Orthodox Russian Bar
Jan 10,St. Pete,Aster Cafe,State Russian Museum,Bar hopping along Rubinstein Street
Jan 11,St. Pete,Mad Espresso Team,Mariinsky Theatre area,Late night rave at Blank Club
Jan 12,St. Pete,Surf Coffee x Fontanka,St. Isaac's Cathedral & Colonnade,Casual evening at Golitsyn Hall
Jan 13,St. Pete,Civil Coffee Bar,Sevkabel Port,Farewell party at Griboedov Club
Jan 14,St. Pete,Smena Cafe,Last-minute shopping,Head to Pulkovo Airport
