id,days,dates,slots,name,name_local,city,category,status,address,lat,lon,google_maps,yandex_maps,folder,images,notes,status_note
msk-01,1,Dec 19,Çalışma 08:00-16:00,Stars Coffee (Arbat),Stars Coffee (Новый Арбат),Moscow,cafe,open,"ул. Новый Арбат, 11, стр. 1, 1 этаж, Москва",55.752251,37.594922,"https://www.google.com/maps/search/?api=1&query=55.752251,37.594922","https://yandex.ru/maps/?pt=37.594922,55.752251&z=17&l=map",moskova/01-stars-coffee-arbat,3,"Starbucks'ın yerini alan Rus zincirinin Ağustos 2022'de açılan ilk şubesi; her gün 08:00–23:00, Wi‑Fi var. Alternatif: yaya Arbat Caddesi üzerindeki şube (ул. Арбат, 19; 08:00–23:00, 2GIS'te 4.9).",
msk-02,1,Dec 19,Gezi 16:00-19:30,Old Arbat Street,Старый Арбат (улица Арбат),Moscow,street,open,"улица Арбат, Москва",55.749167,37.590556,"https://www.google.com/maps/search/?api=1&query=55.749167,37.590556","https://yandex.ru/maps/?pt=37.590556,55.749167&z=17&l=map",moskova/02-arbat-street,3,"Moskova'nın en ünlü ~1 km'lik yaya caddesi: Arbatskaya Meydanı'ndan Smolenskaya Meydanı'na uzanıyor; sokak sanatçıları, ressam tezgâhları, hediyelik eşya dükkânları ve kafelerle dolu. Pin caddenin orta kesiminde (Arbat 30–36 civarı); iki ucunda Arbatskaya ve Smolenskaya metroları var.",
msk-03,1,Dec 19,Akşam 19:30+,Varenichnaya No.1,Вареничная №1,Moscow,restaurant,open,"ул. Арбат, 29, Москва",55.749904,37.593388,"https://www.google.com/maps/search/?api=1&query=55.749904,37.593388","https://yandex.ru/maps/?pt=37.593388,55.749904&z=17&l=map",moskova/03-varenichnaya-no1,3,"Sovyet nostaljisi dekorlu, uygun fiyatlı Rus-Ukrayna mutfağı zinciri (varenik, pelmeni, borş). Arbat 29 şubesi yaya caddesi Stary Arbat üzerinde; her gün 11:00–23:00, Aralık 2025 tarihli yorumlarla açık görünüyor.",
msk-04,1,Dec 19,Akşam 19:30+,Kamchatka (beer bar),Камчатка (пивбар),Moscow,bar,closed,"ул. Кузнецкий Мост, 7, Москва",55.761798,37.619079,"https://www.google.com/maps/search/?api=1&query=55.761798,37.619079","https://yandex.ru/maps/?pt=37.619079,55.761798&z=17&l=map",moskova/04-kamchatka-bar,3,Arkadiy Novikov'un Sovyet birahanesi tarzındaki ucuz bira barıydı (Kuznetsky Most 7). Artık yok; yerine yakındaki başka bir bira barı planlanmalı.,"Kalıcı olarak kapandı: Moskvich Mag (Ocak 2025) barın 2020 sonunda kapandığını yazıyor, Yandex Haritalar 'Shut down' gösteriyor. 2024'te Konyushkovskaya'da açılan 'Kamchatka' bistro-grill de bir yıl dolmadan kapandı."
msk-05,2,Dec 20,Çalışma 08:00-16:00,Surf Coffee x Milyutinsky,Surf Coffee x G-Spot,Moscow,cafe,open,"Мясницкая ул., 16, 1 этаж, Москва",55.760984,37.632282,"https://www.google.com/maps/search/?api=1&query=55.760984,37.632282","https://yandex.ru/maps/?pt=37.632282,55.760984&z=17&l=map",moskova/05-surf-coffee-milyutinsky,3,"'Surf Coffee x Milyutinsky' adında bir şube yok; Milyutinsky Sokağı'nın Myasnitskaya'ya çıktığı köşedeki tek Surf şubesi G-Spot. Hafta içi 08:00–23:00, hafta sonu 09/10:00–23:00; Lubyanka/Chistye Prudy metrolarına yakın, HSE öğrencileriyle kalabalık olabilir.",
msk-06,2 / 13,Dec 20 / Dec 31,Gezi 16:00-19:30 / Akşam 19:30+,Red Square,Красная площадь,Moscow,landmark,open,"Красная площадь, Москва",55.754167,37.62,"https://www.google.com/maps/search/?api=1&query=55.754167,37.62","https://yandex.ru/maps/?pt=37.62,55.754167&z=17&l=map",moskova/06-red-square,3,"Moskova'nın ana meydanı: Kremlin duvarı, Lenin Anıtmezarı, Aziz Vasil Katedrali, GUM ve Tarih Müzesi çevresinde. Kışın meydanda GUM buz pisti ve yılbaşı panayırı kuruluyor; meydan etkinlik/prova günlerinde geçici olarak kapatılabiliyor.",Yılbaşı gecesi: 2025/26'da Kızıl Meydan güvenlik gerekçesiyle 31 Aralık 18:00 – 1 Ocak 10:00 arası ziyaretçilere kapatıldı (yalnızca GUM buz pisti çalıştı); Kommersant'a göre aynı kısıtlama 2023 ve 2024'te de uygulandı ve Moskova havai fişek gösterisi de yapmadı. 2026/27 için de benzer kapanma beklenmeli — 31 Aralık akşamı için alternatif plan yapın.
msk-07,2,Dec 20,Gezi 16:00-19:30,St. Basil's Cathedral,Покровский собор (Храм Василия Блаженного),Moscow,landmark,open,"Красная площадь, 7, Москва",55.7525,37.623056,"https://www.google.com/maps/search/?api=1&query=55.7525,37.623056","https://yandex.ru/maps/?pt=37.623056,55.7525&z=17&l=map",moskova/07-st-basils-cathedral,3,"16. yüzyıldan kalma rengârenk soğan kubbeli katedral; Devlet Tarih Müzesi'ne bağlı müze olarak biletle geziliyor. Kaynaklara göre kasım–aralık 11:00–17:00 açık; kasa ve giriş kapanıştan 1 saat önce kapanıyor, her ayın ilk çarşambası kapalı — içeri girmek için 16:00'dan önce varın.",
msk-08,2,Dec 20,Gezi 16:00-19:30,GUM,ГУМ,Moscow,shopping,open,"Красная площадь, 3, Москва",55.754703,37.621438,"https://www.google.com/maps/search/?api=1&query=55.754703,37.621438","https://yandex.ru/maps/?pt=37.621438,55.754703&z=17&l=map",moskova/08-gum,3,"Kızıl Meydan'ın doğu cephesini kaplayan 19. yy sonu pasaj mağaza; cam tavanlı galerileri, kafe-restoranları ve kışın ışıklandırılan cephesiyle ünlü. OSM'e göre her gün 10:00–22:00 açık; meydandaki GUM buz pisti de kışın buradan işletiliyor.",
msk-09,2,Dec 20,Akşam 19:30+,Mendeleev Bar,Mendeleev. Bar & Music (Менделеев),Moscow,bar,open,"ул. Петровка, 20/1, Москва",55.764149,37.617628,"https://www.google.com/maps/search/?api=1&query=55.764149,37.617628","https://yandex.ru/maps/?pt=37.617628,55.764149&z=17&l=map",moskova/09-mendeleev-bar,3,"Petrovka'da, Lucky Noodles adlı küçük Çin erişte dükkânının içindeki gizli kapıdan girilen tonozlu bodrum speakeasy kokteyl barı. Her gün 18:00'de açılıyor; DJ setleri ve canlı müzik geceleri var.",
msk-10,3 / 10,Dec 21 / Dec 28,Çalışma 08:00-16:00 / Çalışma 08:00-16:00,Skuratov Coffee,Skuratov Coffee (Калашный переулок),Moscow,cafe,open,"Калашный пер., 5, 1 этаж (БЦ «Калашный»), Москва",55.755107,37.60147,"https://www.google.com/maps/search/?api=1&query=55.755107,37.60147","https://yandex.ru/maps/?pt=37.60147,55.755107&z=17&l=map",moskova/10-skuratov-coffee,3,"Omsk çıkışlı nitelikli kahve zincirinin Moskova'daki ilk kafesi; her gün 06:55–22:05, 2GIS'te 5.0 (567 yorum). Zaryadye'ye daha yakın alternatif: Большой Овчинниковский пер. 16 (ТДЦ «Аркадия», laptopla çalışmaya uygun).",
msk-11,3,Dec 21,Gezi 16:00-19:30,Zaryadye Park & Floating Bridge,Парк «Зарядье»,Moscow,park,open,"улица Варварка, 6, стр. 1, Москва",55.751217,37.628935,"https://www.google.com/maps/search/?api=1&query=55.751217,37.628935","https://yandex.ru/maps/?pt=37.628935,55.751217&z=17&l=map",moskova/11-zaryadye-park,3,"Kremlin'in hemen yanında 2017'de açılan modern park; Moskova Nehri üzerine V şeklinde çıkıntı yapan 'Paryaşçiy Most' (Süzülen Köprü) Kremlin ve nehir manzarası sunuyor. Park 7/24 açık ve ücretsiz; kaynaklara göre iç mekân pavyonları pazartesi 12:00–21:00, diğer günler 10:00–21:00.",
msk-12,3,Dec 21,Akşam 19:30+,Propaganda Club,Пропаганда,Moscow,club,closed,"Большой Златоустинский пер., 7с1, Москва",55.758554,37.632779,"https://www.google.com/maps/search/?api=1&query=55.758554,37.632779","https://yandex.ru/maps/?pt=37.632779,55.758554&z=17&l=map",moskova/12-propaganda-club,3,"1997'den beri Kitay-gorod'da açık olan, Moskova'nın en eski house/techno kulüplerinden biriydi (gündüz kafe, gece kulüp). Techno gecesi için bölgedeki başka bir kulüp seçilmeli.","Kalıcı olarak kapandı: 27 yıl sonra Temmuz 2024 sonunda kapandı (Kommersant, Forbes). BFM Şubat 2025'te mekânın 300 milyon rubleye satışa çıkarıldığını yazdı; Yandex Haritalar 'Shut down', OSM de kapalı (was:amenity) gösteriyor."
msk-13,4 / 11,Dec 22 / Dec 29,Çalışma 08:00-16:00 / Çalışma 08:00-16:00,ABC Coffee Roasters,ABC Coffee Roasters (Покровка),Moscow,cafe,open,"ул. Покровка, 7/9-11, стр. 1, 1 этаж, Москва",55.759009,37.642162,"https://www.google.com/maps/search/?api=1&query=55.759009,37.642162","https://yandex.ru/maps/?pt=37.642162,55.759009&z=17&l=map",moskova/13-abc-coffee-roasters,3,"Japon minimalizmi tarzındaki nitelikli kahve zincirinin ilk kafesi; hafta içi 08:00–22:00, hafta sonu 10:00–22:00, 2GIS'te 4.9. Yorumlarda oturma yerinin az olduğu belirtiliyor; kalabalıksa yakındaki Милютинский пер. 3 şubesi alternatif.",
msk-14,4,Dec 22,Gezi 16:00-19:30,VDNKh,ВДНХ — Главный вход (арка),Moscow,park,open,"проспект Мира, 119, Москва",55.826276,37.637608,"https://www.google.com/maps/search/?api=1&query=55.826276,37.637608","https://yandex.ru/maps/?pt=37.637608,55.826276&z=17&l=map",moskova/14-vdnkh,3,"Sovyet dönemi dev sergi parkı; pin 'Traktörcü ve Kolhozcu Kadın' heykelli Ana Giriş Kemeri'nde. Arazi 7/24 açık ve ücretsiz; kışın Merkez Pavyon önünde büyük buz pisti kuruluyor. Kozmonotik Müzesi (msk-15) kemerin ~450 m güneyinde, VDNKh metrosunun yanında.",
msk-15,4,Dec 22,Gezi 16:00-19:30,Museum of Cosmonautics,Мемориальный музей космонавтики,Moscow,museum,open,"проспект Мира, 111, Москва",55.822571,37.639595,"https://www.google.com/maps/search/?api=1&query=55.822571,37.639595","https://yandex.ru/maps/?pt=37.639595,55.822571&z=17&l=map",moskova/15-cosmonautics-museum,3,"'Uzayı Fethedenler' titanyum roket anıtının altındaki uzay müzesi: Sputnik, Vostok kapsülü, Gagarin ve Sovyet uzay programı eşyaları. Pazartesi kapalı; salı–pazar 10:00–19:00 (kasa 18:30), perşembe 21:00'e kadar — 22 Aralık salı ziyareti için uygun.",
msk-16,4,Dec 22,Akşam 19:30+,Blanc,Blanc (Бланк),Moscow,restaurant,closed,"Хохловский пер., 7-9с2, Москва",55.755955,37.643158,"https://www.google.com/maps/search/?api=1&query=55.755955,37.643158","https://yandex.ru/maps/?pt=37.643158,55.755955&z=17&l=map",moskova/16-blanc,3,"Kitay-gorod yakınında, Hohlovsky sokağındaki tarihi avlulu binada, bitki dolu showroom tarzı Avrupa mutfağı restoranı ve etkinlik mekânıydı (2019–2026). Moskova'da bu adla bilinen en tanınmış mekân bu; Trehgorny Val'deki 'Blanc Cafe' 2021'de kapanmıştı, 'Cheval Blanc' ise farklı bir mekân.","Kalıcı olarak kapandı: 25 Aralık 2025'te kapanışını duyurdu (Vedomosti, Afisha Daily), Ocak 2026 tatilindeki veda etkinlikleriyle kapandı; sebep binanın işlevinin değişmesi. Yandex Haritalar 'Shut down', OSM de kapalı (was:amenity) gösteriyor; taşınma haberi yok."
msk-17,5 / 13,Dec 23 / Dec 31,Çalışma 08:00-16:00 / Çalışma 08:00-16:00,Cooperative Chernyi,Кооператив «Чёрный»,Moscow,cafe,open,"Лялин пер., 5, стр. 1, 1 этаж, Москва",55.76002,37.651832,"https://www.google.com/maps/search/?api=1&query=55.76002,37.651832","https://yandex.ru/maps/?pt=37.651832,55.76002&z=17&l=map",moskova/17-cooperative-chernyi,3,"Kendi kahvesini kavuran, çalışan ortaklı ünlü nitelikli kahve kooperatifinin büyük kafesi; hafta içi 08:00–23:00, hafta sonu 10:00–23:00 (OSM'de pazartesi 19:00'a kadar görünüyor). Ücretsiz Wi‑Fi; 2GIS'te 4.9.",
msk-18,5,Dec 23,Gezi 16:00-19:30,State Tretyakov Gallery,Государственная Третьяковская галерея (Лаврушинский переулок),Moscow,museum,open,"Лаврушинский переулок, 10, Москва",55.741389,37.620864,"https://www.google.com/maps/search/?api=1&query=55.741389,37.620864","https://yandex.ru/maps/?pt=37.620864,55.741389&z=17&l=map",moskova/18-tretyakov-gallery,3,"Rus sanatının en büyük koleksiyonu (ikonalardan 20. yy başına); ana tarihi bina Lavruşinski sokağında. Pazartesi kapalı; salı, çarşamba ve pazar 10:00–18:00, perşembe–cumartesi 10:00–21:00; kasa ve giriş kapanıştan 1 saat önce kapanıyor.","Plandaki 23 Aralık bir çarşamba: müze 18:00'de kapanıyor, son giriş 17:00 — 16:00'da başlayan program için çok dar. Perşembe–cumartesi 21:00'e kadar açık olduğundan ziyareti 24 veya 26 Aralık'a kaydırmak daha mantıklı."
msk-19,5,Dec 23,Akşam 19:30+,Kitay-Gorod (bar area),Китай-город (барный район у метро),Moscow,area,open,"район м. «Китай-город»: Маросейка, Покровка, Солянка, Хохловский пер., Москва",55.755652,37.633565,"https://www.google.com/maps/search/?api=1&query=55.755652,37.633565","https://yandex.ru/maps/?pt=37.633565,55.755652&z=17&l=map",moskova/19-kitay-gorod-bars,3,"Alan pini: Kitay-gorod metro istasyonu; barlar Maroseyka, Pokrovka, Solyanka, Zabelina ve Hohlovsky/Petroverigsky sokaklarında yoğunlaşıyor (Black Swan pub Solyanka 1/2'de, ~300 m). Plandaki 'Zinc' bulunamadı; 'Blanc' ve 'Propaganda' kapandı.",
msk-20,5,Dec 23,Akşam 19:30+,Zinc (bar),,Moscow,bar,not_found,,,,,,,0,"Kitay-gorod çevresinde 'Zinc' (Rusça 'Цинк') adında bir bar bulunamadı; bölge bar listelerinde, OSM'de ve Nominatim'de böyle bir mekân yok. Plan metnindeki isim büyük olasılıkla hatalı/uydurma; yerine Kitay-gorod'daki gerçek barlardan biri seçilmeli.","Afisha, Restoclub ve Russpass Kitay-gorod bar listelerinde, web aramalarında (Zinc / Цинк), OSM POI ve Nominatim aramalarında eşleşme yok. Benzer isimli 'Zinziver' (Зинзивер, Pokrovsky bulvarı) farklı bir mekân, eşleştirilmedi."
msk-21,5,Dec 23,Akşam 19:30+,Black Swan (bar),The Black Swan (Блэк Свон),Moscow,bar,open,"ул. Солянка, 1/2с1, Москва",55.754476,37.637927,"https://www.google.com/maps/search/?api=1&query=55.754476,37.637927","https://yandex.ru/maps/?pt=37.637927,55.754476&z=17&l=map",moskova/21-black-swan-bar,3,"Kitay-gorod metrosuna ~5 dk, Solyanka'da iki katlı, antika mobilyalı Viktorya dönemi havasında İngiliz/İrlanda pub'ı; İngiliz, İrlanda ve İskoç biraları. Giriş Zabelina sokağı tarafından; Pz–Per ve Paz 12:00–00:00, Cum–Cmt 06:00'ya kadar.",
msk-22,6,Dec 24,Çalışma 08:00-16:00,Surf Coffee x Hlebozavod,Surf Coffee x Xleb,Moscow,cafe,open,"Новодмитровская ул., 1, стр. 12, 1 этаж (Хлебозавод №9), Москва",55.807137,37.583589,"https://www.google.com/maps/search/?api=1&query=55.807137,37.583589","https://yandex.ru/maps/?pt=37.583589,55.807137&z=17&l=map",moskova/22-surf-coffee-hlebozavod,3,"Eski ekmek fabrikasından dönüştürülmüş Hlebozavod №9 yaratıcı kümesindeki Surf şubesi (~20 kişilik, Wi‑Fi, laptopla çalışmaya uygun). 2GIS'e göre her gün 08:00–22:00 (küme sitesi 09:00 diyor); Dmitrovskaya metrosuna ~5 dk.",
msk-23,6,Dec 24,Gezi 16:00-19:30,Flacon Design Factory,Дизайн завод (бывш. дизайн-завод «Флакон»),Moscow,venue,open,"улица Большая Новодмитровская, 36, стр. 2, Москва",55.805017,37.585533,"https://www.google.com/maps/search/?api=1&query=55.805017,37.585533","https://yandex.ru/maps/?pt=37.585533,55.805017&z=17&l=map",moskova/23-flacon,3,"Eski kristal fabrikası binalarında yaratıcı kampüs: tasarım dükkânları, galeriler, kafeler ve etkinlik alanları. Resmi siteye göre alan 7/24 açık, mağazalar 11:00–22:00.",'Flacon' markası 2021'de mülkiyet değişince bırakıldı; mekân aynı adreste 'Дизайн завод' (Design Zavod) adıyla faaliyette — haritada/taksi uygulamasında bu adla arayın.
msk-24,6,Dec 24,Akşam 19:30+,Rule Taproom,Rule Taproom,Moscow,bar,open,"Староваганьковский пер., 19с7, Москва",55.751298,37.607021,"https://www.google.com/maps/search/?api=1&query=55.751298,37.607021","https://yandex.ru/maps/?pt=37.607021,55.751298&z=17&l=map",moskova/24-rule-taproom,3,"Zagovor bira fabrikasıyla bağlantılı, ~27 musluklu ve geniş şişe seçkili küçük craft bira barı; Kremlin/Borovitskaya'ya birkaç dakika, bir avlu içinde. Pz–Per ve Paz 16:00–00:00, Cum–Cmt 02:00'ye kadar; mutfak yok, sadece atıştırmalık.","Şubat 2026'da bir 2GIS yorumu barın tadilat için kapalı olduğunu bildirdi; ancak Yandex'te Mart–Ağustos 2026 tarihli yorumlar ve 'Good place 2026' ödülü var, 2GIS de faal gösteriyor. Gitmeden önce çalışma saatlerini kontrol etmekte fayda var."
msk-25,7 / 15,Dec 25 / Jan 02,Çalışma 08:00-16:00 / Çalışma 08:00-16:00,Roaster Coffee,Roaster Coffee (Ростер),Moscow,cafe,open,"4-я Тверская-Ямская ул., 2/11, стр. 2, 1 этаж, Москва",55.771968,37.598188,"https://www.google.com/maps/search/?api=1&query=55.771968,37.598188","https://yandex.ru/maps/?pt=37.598188,55.771968&z=17&l=map",moskova/25-roaster-coffee,3,"Moskova'da gerçekten 'Roaster Coffee' adını taşıyan specialty kahve + yemek kafesi; 08:30–22:00 (hafta sonu 10:00'dan), 2GIS'te 4.9 (267 oy). Gorki Parkı/Novodeviçi'ye yakın değil: Mayakovskaya'dan metroyla ~20–25 dk.",
msk-26,7,Dec 25,Gezi 16:00-19:30,Gorky Park,Парк Горького (ЦПКиО им. Горького),Moscow,park,open,"улица Крымский Вал, 9, Москва",55.731353,37.604637,"https://www.google.com/maps/search/?api=1&query=55.731353,37.604637","https://yandex.ru/maps/?pt=37.604637,55.731353&z=17&l=map",moskova/26-gorky-park,3,Moskova Nehri kıyısındaki merkezi park; pin Krımskiy Val caddesindeki anıtsal ana giriş kemerinin hemen içinde. Park 7/24 açık ve ücretsiz; kışın büyük buz pisti kuruluyor (pist açılış tarihi ve saatleri her sezon ayrıca duyuruluyor).,
msk-27,7,Dec 25,Akşam 19:30+,Garage Museum (Café),Музей современного искусства «Гараж» (Кафе «Гаража»),Moscow,museum,open,"ул. Крымский Вал, 9, стр. 32, Парк Горького, Москва",55.727819,37.601637,"https://www.google.com/maps/search/?api=1&query=55.727819,37.601637","https://yandex.ru/maps/?pt=37.601637,55.727819&z=17&l=map",moskova/27-garage-museum,3,"Gorki Parkı içindeki çağdaş sanat müzesi (Rem Koolhaas/OMA'nın dönüştürdüğü Sovyet dönemi 'Vremena Goda' restoran binası). Kafe zemin katta, müzeyle aynı saatlerde her gün 11:00–22:00 açık; mevsimlik menü, vejetaryen ve çocuk menüsü var.",
msk-28,8 / 16,Dec 26 / Jan 03,Çalışma 08:00-16:00 / Çalışma 08:00-16:00,Introvert Place,Introvert Place (Introvert.),Moscow,cafe,closed,"Мясницкая ул., 41, стр. 3, 1 этаж (двор), Москва",55.768315,37.642562,"https://www.google.com/maps/search/?api=1&query=55.768315,37.642562","https://yandex.ru/maps/?pt=37.642562,55.768315&z=17&l=map",moskova/28-introvert-place,3,"Krasnye Vorota yakınında, laptopla sessiz çalışmak için ayrı 'introvert' katı olan vegan menülü specialty kafeydi. Artık açık değil; plan için başka bir çalışma kafesi seçilmeli.","Afisha 'Ресторан закрыт' diyor; Yandex'te aynı kayıt önce Here'n'now adını almış, şimdi 'Shut down' olarak işaretli (Here'n'now 2-й Сыромятнический пер. 1'e taşınmış). Moskova'da bu adla başka bir mekân bulunamadı."
msk-29,8,Dec 26,Gezi 16:00-19:30,Moscow Metro Architecture Tour,Станция метро «Комсомольская» (Кольцевая линия),Moscow,transport,open,"Комсомольская площадь, Москва",55.776486,37.656169,"https://www.google.com/maps/search/?api=1&query=55.776486,37.656169","https://yandex.ru/maps/?pt=37.656169,55.776486&z=17&l=map",moskova/29-metro-architecture-tour,3,"Metro mimarisi turu, Halka hattındaki Komsomolskaya'nın barok tavan mozaikleriyle başlıyor. İstasyondan çıkmadan tek girişle hat değiştirerek gezilebilir: Novoslobodskaya vitrayları, Mayakovskaya art deco tavan mozaikleri, Ploşçad Revolyutsii bronz heykelleri, Kiyevskaya (Halka) mozaik panoları, Arbatskaya avizeleri, Elektrozavodskaya tavan lambaları.",
msk-30,8,Dec 26,Akşam 19:30+,Alexey Kozlov Club,Клуб Алексея Козлова,Moscow,club,open,"ул. Маросейка, 9/2, стр. 1 (2–4 этаж), Москва",55.757758,37.633646,"https://www.google.com/maps/search/?api=1&query=55.757758,37.633646","https://yandex.ru/maps/?pt=37.633646,55.757758&z=17&l=map",moskova/30-alexey-kozlov-club,3,"Saksofoncu Aleksey Kozlov'un adını taşıyan, birden fazla sahneli büyük caz kulübü (caz, blues, füzyon + restoran/bar); Kitay-gorod metrosuna yürüme mesafesinde. Konserler genelde 19:30–20:30'da başlıyor, biletleri önceden almak gerekiyor (Eylül–Ekim 2026 programı yayında).",
msk-31,9,Dec 27,Çalışma 08:00-16:00,Stars Coffee (Tverskaya),Stars Coffee (Тверская),Moscow,cafe,open,"Тверская ул., 8, корп. 1, стр. 3 (Тверская площадь), Москва",55.761793,37.61065,"https://www.google.com/maps/search/?api=1&query=55.761793,37.61065","https://yandex.ru/maps/?pt=37.61065,55.761793&z=17&l=map",moskova/31-stars-coffee-tverskaya,3,"Tverskaya Caddesi'nde, Tverskaya Meydanı/Stoleshnikov köşesinde küçük Stars Coffee şubesi (~20 kişilik). Listelerde açılış 10:00 görünüyor (bir kaynakta 11:00–12:00), yani 08:00'de çalışmaya başlamak için uygun olmayabilir.",
msk-32,9,Dec 27,Gezi 16:00-19:30,Tverskaya Street,Тверская улица,Moscow,street,open,"Тверская улица, Москва",55.763889,37.606389,"https://www.google.com/maps/search/?api=1&query=55.763889,37.606389","https://yandex.ru/maps/?pt=37.606389,55.763889&z=17&l=map",moskova/32-tverskaya-street,3,"Kremlin dibindeki Manejnaya Meydanı'ndan Triumfalnaya Meydanı'na uzanan Moskova'nın ana bulvarı; Stalin dönemi binalar, mağazalar ve kafelerle dolu. Pin caddenin orta kesiminde (Tverskaya 14 / Yeliseyev mağazası civarı), Puşkin Meydanı'na (msk-33) ~200 m.",
msk-33,9,Dec 27,Gezi 16:00-19:30,Pushkin Square,Пушкинская площадь,Moscow,landmark,open,"Пушкинская площадь, Москва",55.765556,37.605833,"https://www.google.com/maps/search/?api=1&query=55.765556,37.605833","https://yandex.ru/maps/?pt=37.605833,55.765556&z=17&l=map",moskova/33-pushkin-square,3,"Tverskaya Caddesi üzerindeki meydan; ortada Puşkin heykeli, çevresinde Izvestiya binası ve bulvar halkası. Yılbaşı döneminde genellikle ışıklı süslemeler kuruluyor; altında Puşkinskaya/Tverskaya/Çehovskaya metro aktarma istasyonu var.",
msk-34,9,Dec 27,Akşam 19:30+,Noor Electro,Noor Electro,Moscow,bar,open,"Тверская ул., 23/12, стр. 1, Москва",55.766962,37.600761,"https://www.google.com/maps/search/?api=1&query=55.766962,37.600761","https://yandex.ru/maps/?pt=37.600761,55.766962&z=17&l=map",moskova/34-noor-electro,3,"Planlardaki isim doğru: Tverskaya'daki 'efsane' kokteyl barı Noor Electro (eski Noor Bar), Yandex'te 'Хорошее место 2026' ödüllü. Art-deco salon, imza kokteyller ve hafta sonları DJ; genelde 03:00'e, Cuma–Cumartesi sabaha kadar açık (Pushkinskaya/Tverskaya metro).",
msk-35,10,Dec 28,Gezi 16:00-19:30,Cathedral of Christ the Saviour,Храм Христа Спасителя,Moscow,landmark,open,"улица Волхонка, 15, Москва",55.744444,37.605556,"https://www.google.com/maps/search/?api=1&query=55.744444,37.605556","https://yandex.ru/maps/?pt=37.605556,55.744444&z=17&l=map",moskova/35-cathedral-christ-saviour,3,"Rusya'nın en büyük Ortodoks katedrali; 1931'de yıkılıp 1990'larda yeniden inşa edildi, giriş ücretsiz. Arkasındaki Patriarşiy yaya köprüsünden Kremlin ve nehir manzarası çok güzel.",Kaynaklara göre pazartesi 13:00'te açılıyor ve kapanış saati kaynaklarda 17:00–18:00 arasında değişiyor; 28 Aralık pazartesi ziyaretinden önce saatleri resmi siteden (xxc.ru) teyit edin.
msk-36,10,Dec 28,Akşam 19:30+,Gipsy Bar,VK Gipsy (Джипси),Moscow,bar,open,"Болотная наб., 3, стр. 4, арт-квартал «Красный Октябрь», Москва",55.739702,37.610095,"https://www.google.com/maps/search/?api=1&query=55.739702,37.610095","https://yandex.ru/maps/?pt=37.610095,55.739702&z=17&l=map",moskova/36-gipsy-bar,3,"Hâlâ Kızıl Ekim (Krasny Oktyabr) adasında, çatı/teras katlarında çalışıyor; 2023'ten beri VK'ya ait ve adı 'VK Gipsy' (Yandex 'Хорошее место 2026', Kasım–Aralık 2026 konserleri satışta). DİKKAT: kulüp normalde sadece hafta sonu geceleri (Cuma–Cumartesi, bazen Perşembe; ~22:00/23:00'ten sabaha) açık ve sıkı face-control var — plandaki 28 Aralık Pazartesi; o gece etkinlik olup olmadığını önceden kontrol edin.",
msk-37,11,Dec 29,Gezi 16:00-19:30,Izmailovo Kremlin,Кремль в Измайлово,Moscow,landmark,open,"Измайловское шоссе, 73Ж, Москва",55.794321,37.750525,"https://www.google.com/maps/search/?api=1&query=55.794321,37.750525","https://yandex.ru/maps/?pt=37.750525,55.794321&z=17&l=map",moskova/37-izmailovo-kremlin,3,"Rus masalı tarzında renkli ahşap 'kremlin' kompleksi (küçük müzeler, atölyeler); hemen yanındaki Vernisaj pazarı matruşka, şal, hediyelik eşya için Moskova'nın klasik adresi. Kaynaklara göre Vernisaj hafta içi ~09:00–18:00 açık, bit pazarı yalnızca hafta sonu — 29 Aralık salı olduğundan tezgâh sayısı az olabilir.",
msk-38,11,Dec 29,Akşam 19:30+,Zinzin,,Moscow,bar,not_found,,,,,,,0,"Moskova'da 'Zinzin/Зинзин' adlı bir bar bulunamadı (web, Yandex/2GIS sonuçları ve OSM taraması). İsme en yakın mekân 'Зинзивер' (Zinziver) adlı ucuz, kalabalık bir рюмочная (shot bar) — Покровский бул., 2/14, Kitay-gorod/Çistiye Prudı; plan bunu kastediyorsa ayrıca teyit edilmeli.","Bu isimde mekân tespit edilemedi; benzer isimli 'Зинзивер' ikame edilmedi, sadece aday olarak not edildi."
msk-39,12,Dec 30,Çalışma 08:00-16:00,Surf Coffee x Baumanskaya,Surf Coffee x Lucky,Moscow,cafe,open,"Бауманская ул., 33/2, стр. 1, цокольный этаж, Москва",55.772549,37.678792,"https://www.google.com/maps/search/?api=1&query=55.772549,37.678792","https://yandex.ru/maps/?pt=37.678792,55.772549&z=17&l=map",moskova/39-surf-coffee-baumanskaya,3,"Baumanskaya metrosunun yanında, bodrum katta Surf şubesi; resmi sitede 'çalışma ve dinlenme alanlarına ayrılmış' diye tanıtılıyor. Hafta içi 08:00–22:00, hafta sonu 09:00–22:00; 2GIS'te 5.0 (348 yorum).",
msk-40,12,Dec 30,Gezi 16:00-19:30,Artplay Design Center,Центр дизайна ARTPLAY,Moscow,venue,open,"улица Нижняя Сыромятническая, 10, Москва",55.752261,37.669773,"https://www.google.com/maps/search/?api=1&query=55.752261,37.669773","https://yandex.ru/maps/?pt=37.669773,55.752261&z=17&l=map",moskova/40-artplay,3,"Kurskaya/Çkalovskaya metrolarına yakın eski fabrika binalarında tasarım ve mimarlık kümesi: showroomlar, galeriler ve Artplay Media multimedya sergileri. Kaynaklara göre alan her gün 08:00–23:00 açık; sergiler biletli.",
msk-41,12,Dec 30,Akşam 19:30+,Depo Food Mall,Депо.Москва (фудмолл «Депо» на Лесной),Moscow,restaurant,open,"Лесная ул., 20, стр. 3, Москва",55.78019,37.592998,"https://www.google.com/maps/search/?api=1&query=55.78019,37.592998","https://yandex.ru/maps/?pt=37.592998,55.78019&z=17&l=map",moskova/41-depo-food-mall,3,"1874'ten kalma eski tramvay/troleybüs deposunda, 2019'da açılan dev gastronomi mahallesi: onlarca restoran/büfe, barlar ve ortak masalar; Belorusskaya/Mendeleyevskaya metrosuna yakın. Saatler Pzt–Per ve Paz 10:00–23:00, Cu–Ct 10:00–02:00 (30 Aralık Çarşamba → 23:00'te kapanır); Eylül–Ekim 2026 etkinlik programı yayında.",
msk-42,13,Dec 31,Akşam 19:30+,Mutabor Club,Мутабор (Mutabor; 2024'ten itibaren ARMA),Moscow,club,closed,"Шарикоподшипниковская ул., 13, стр. 32 (территория ГПЗ-1), Москва",55.71966,37.686501,"https://www.google.com/maps/search/?api=1&query=55.71966,37.686501","https://yandex.ru/maps/?pt=37.686501,55.71966&z=17&l=map",moskova/42-mutabor-club,3,"Dubrovka metrosu yakınında, eski 1. Devlet Rulman Fabrikası (GPZ-1) binasındaki büyük tekno/sanat kulübüydü. Yılbaşı için Mutabor artık yok; aynı binadaki DEX kulübünün 2026 sezon programında 31 Aralık–2 Ocak 'DEX NEW YEAR' partisi (erken kayıt) listeleniyor — en yakın alternatif.","KAPANDI: Aralık 2023'teki 'yarı çıplak' parti skandalından sonra 90 gün kapatıldı, Mart 2024'te adı ARMA oldu; ARMA Ocak 2025'te bu mekândaki işletmeyi Nisan 2025 sezon sonunda bitireceğini duyurdu. Aynı mekânda 26 Temmuz 2025'ten beri Private Persons ekibinin açtığı DEX kulübü çalışıyor — koordinat bu binadaki DEX noktası."
msk-43,14,Jan 01,Gezi 16:00-19:30,Chistye Prudy,Чистые пруды,Moscow,park,open,"Чистопрудный бульвар, Москва",55.760833,37.644722,"https://www.google.com/maps/search/?api=1&query=55.760833,37.644722","https://yandex.ru/maps/?pt=37.644722,55.760833&z=17&l=map",moskova/43-chistye-prudy,3,"Bulvar Halkası'ndaki Çistoprudnıy Bulvarı'nın ortasındaki gölet; tramvay hattı, kafeler ve tarihi binalarla çevrili sakin bir yürüyüş rotası. Kışın gölet genellikle buz pistine dönüşüyor; en yakın metro Çistıye Prudı.",
msk-44,14,Jan 01,Akşam 19:30+,Tekhnikum,Техникум (Tehnikum),Moscow,restaurant,open,"ул. Большая Дмитровка, 7/5, стр. 2, Москва",55.76079,37.61484,"https://www.google.com/maps/search/?api=1&query=55.76079,37.61484","https://yandex.ru/maps/?pt=37.61484,55.76079&z=17&l=map",moskova/44-tekhnikum,3,"Planlardaki 'Tekhnikum' = White Rabbit Family'nin (şef Vladimir Mukhin) daha uygun fiyatlı gastro-bistrosu Tehnikum; Teatralnaya/Okhotny Ryad yakınında, loft iç mekân ve büyük fresk. Yandex'te 'Хорошее место 2026'; genelde ~00:00'a (Cu–Ct ~02:00'ye) kadar açık, ortalama hesap ~1.000–3.000 ₽. 1 Ocak (Cuma) tatil saatleri farklı olabilir, rezervasyon önerilir.",
msk-45,15,Jan 02,Gezi 16:00-19:30,Novodevichy Convent & Pond,Новодевичий монастырь,Moscow,landmark,open,"Новодевичий проезд, 1, Москва",55.725972,37.556583,"https://www.google.com/maps/search/?api=1&query=55.725972,37.556583","https://yandex.ru/maps/?pt=37.556583,55.725972&z=17&l=map",moskova/45-novodevichy-convent,3,"16. yy'dan kalma, UNESCO Dünya Mirası listesindeki manastır; yanındaki Novodeviçi göletinden görünen kule ve kubbeler en bilinen manzarası. Bölgeye giriş ücretsiz (her gün 09:00–17:00); müze bölümleri biletli, salı ve ayın ilk pazartesi kapalı.",Manastır 17:00'de kapanıyor ve ocak başında hava ~16:00'da kararıyor: 16:00'da başlayan programda içeri girmeye vakit çok az — daha erken gelin ya da gölet kıyısından dış manzarayla yetinin.
msk-46,15,Jan 02,Akşam 19:30+,Veladora,Veladora (Веладора),Moscow,bar,open,"ул. Покровка, 2/1, стр. 1 (цокольный этаж), Москва",55.758247,37.640041,"https://www.google.com/maps/search/?api=1&query=55.758247,37.640041","https://yandex.ru/maps/?pt=37.640041,55.758247&z=17&l=map",moskova/46-veladora,3,"Plan doğru: Voda barının ekibinden (Rubanenko & Bgantsov) bodrum katta Meksika mezcal barı; mezcal, tekila ve taco (yanak eti, domuz, tavuk, vejetaryen) meşhur, hafta sonu gece dans ediliyor. Kitay-gorod/Lubyanka yakınında, akşam 18:00'de açılıyor, Perşembe–Cumartesi sabaha (~05:00) kadar; küçük mekân, hafta sonu kalabalık olur.","Yandex'te açık görünüyor (4.9, 3.163 oy; en yeni tarihli yorum Kasım 2025); 2GIS 'işletme verisini uzun süredir güncellemedi' diyor ama kapalı işaretlemiyor. Kapanış haberi bulunamadı."
msk-47,16,Jan 03,Gezi 16:00-19:30,Sparrow Hills Viewpoint,Смотровая площадка на Воробьёвых горах,Moscow,viewpoint,open,"улица Косыгина, Воробьёвы горы, Москва",55.709356,37.542332,"https://www.google.com/maps/search/?api=1&query=55.709356,37.542332","https://yandex.ru/maps/?pt=37.542332,55.709356&z=17&l=map",moskova/47-sparrow-hills,3,"Moskova Nehri'nin ~80 m yukarısındaki seyir terası: Lujniki Stadı, Moskova City gökdelenleri ve şehir panoraması; arkada MGU ana binası. 7/24 açık ve ücretsiz; terasın yanında Lujniki'ye inen teleferik istasyonu var.",
msk-48,16,Jan 03,Akşam 19:30+,Strelka Bar,Бар «Стрелка» (Strelka Bar),Moscow,bar,open,"Берсеневская наб., 14, стр. 5, арт-квартал «Красный Октябрь», Москва",55.74259,37.609317,"https://www.google.com/maps/search/?api=1&query=55.74259,37.609317","https://yandex.ru/maps/?pt=37.609317,55.74259&z=17&l=map",moskova/48-strelka-bar,3,"Kızıl Ekim adasının ucunda, Kurtarıcı İsa Katedrali manzaralı efsane bar; yazın çatı terası meşhur, kışın iç salon. Cuma–Cumartesi geceleri DJ'li kulübe dönüşüyor (face-control). Bildirilen saatler Paz–Per 12:00–23:00, Cu–Ct 12:00–03:00; ancak Eylül 2026'da Yandex 'Cumaya kadar kapalı' gösteriyordu — kış programı kısıtlı olabilir, 3 Ocak (Pazar) için önceden teyit edin.","Strelka Enstitüsü Şubat 2022'de faaliyetini süresiz askıya aldı, ancak bar ayrı olarak çalışmaya devam ediyor: 31 Aralık 2025 yılbaşı partisi düzenlendi, Eylül 2025'te 15. yaşını kutladı, Yandex/2GIS'te açık görünüyor."
msk-49,17,Jan 04,Çalışma 08:00-16:00,Leningradsky Railway Station (Sapsan departure),Ленинградский вокзал,Moscow,transport,open,"Комсомольская площадь, 3, Москва",55.776261,37.655328,"https://www.google.com/maps/search/?api=1&query=55.776261,37.655328","https://yandex.ru/maps/?pt=37.655328,55.776261&z=17&l=map",moskova/49-leningradsky-station,3,"Sapsan hızlı trenlerinin St. Petersburg'a kalktığı Moskova terminali; 'Üç İstasyon' (Komsomolskaya) Meydanı'nda, metro Komsomolskaya. Ağustos 2024'ten beri süren kapsamlı yenilemenin ardından 22 Mayıs 2026'da yeniden açıldı; bekleme alanı üç katına çıktı.",
spb-01,17,Jan 04,Çalışma 08:00-16:00,Moskovsky Railway Station (Sapsan arrival),Московский вокзал,St. Petersburg,transport,open,"Невский проспект, 85, Санкт-Петербург",59.928717,30.362433,"https://www.google.com/maps/search/?api=1&query=59.928717,30.362433","https://yandex.ru/maps/?pt=30.362433,59.928717&z=17&l=map",st-petersburg/01-moskovsky-station,3,"Sapsan trenlerinin St. Petersburg'daki varış terminali; Vosstaniya Meydanı'nda, Nevsky Prospekt'in doğu ucunda. En yakın metro: Ploshchad Vosstaniya / Mayakovskaya.",
spb-02,17,Jan 04,Gezi 16:00-19:30,Nevsky Prospect,Невский проспект,St. Petersburg,street,open,"Невский проспект (Казанский мост через канал Грибоедова), Санкт-Петербург",59.935294,30.326362,"https://www.google.com/maps/search/?api=1&query=59.935294,30.326362","https://yandex.ru/maps/?pt=30.326362,59.935294&z=17&l=map",st-petersburg/02-nevsky-prospect,3,"Şehrin ana caddesi (~4,5 km, Amirallık'tan Aleksandr Nevski Lavrası'na). Pin orta noktada: Kazan Katedrali karşısında, Griboyedov Kanalı üzerindeki Kazansky Köprüsü; metro Nevsky Prospekt / Gostiny Dvor.",
spb-03,17,Jan 04,Akşam 19:30+,Pelmenya,Пельмения,St. Petersburg,restaurant,open,"наб. реки Фонтанки, 25, Санкт-Петербург",59.934247,30.342952,"https://www.google.com/maps/search/?api=1&query=59.934247,30.342952","https://yandex.ru/maps/?pt=30.342952,59.934247&z=17&l=map",st-petersburg/03-pelmenya,3,"Dünyanın farklı mutfaklarından hamur işleri (Rus pelmenisi, vareniki, hinkali, mantı, gyoza, ravioli) sunan zincir restoran; Nevsky/Aniçkov köprüsüne birkaç dakika. Her gün 11:00–23:00, ortalama hesap ~700–1000 ₽.",
spb-04,17,Jan 04,Akşam 19:30+,Union Bar,Юнион,St. Petersburg,bar,open,"Литейный просп., 55, Санкт-Петербург",59.935755,30.347775,"https://www.google.com/maps/search/?api=1&query=59.935755,30.347775","https://yandex.ru/maps/?pt=30.347775,59.935755&z=17&l=map",st-petersburg/04-union-bar,3,"Fartuk kafesinin kurucularının Liteyny'de açtığı kalabalık parti barı: hafta içi canlı konserler, hafta sonu DJ partileri; kokteyl, burger, fıçı bira, yazın avlu. 18:00'den sabaha kadar açık; Mayakovskaya metrosuna yakın.",
spb-05,18 / 24,Jan 05 / Jan 11,Çalışma 08:00-16:00 / Çalışma 08:00-16:00,Mad Espresso Team,Mad Espresso Team (MET) на Римского-Корсакова,St. Petersburg,cafe,open,"пр. Римского-Корсакова, 3, Санкт-Петербург",59.924459,30.310848,"https://www.google.com/maps/search/?api=1&query=59.924459,30.310848","https://yandex.ru/maps/?pt=30.310848,59.924459&z=17&l=map",st-petersburg/05-mad-espresso-team,3,"Kendi kavurduğu kahve + gün boyu kahvaltı sunan yerel specialty zinciri (MET). Resmi saatler: Pzt 08:00–20:00, Sa–Cu 08:00–22:00, hafta sonu 10:00–22:00; 1–8 Ocak resmi tatilinde saatler değişebilir.",
spb-06,18,Jan 05,Gezi 16:00-19:30,State Hermitage Museum (Winter Palace),Государственный Эрмитаж (Зимний дворец),St. Petersburg,museum,open,"Дворцовая площадь, 2 (Дворцовая набережная, 38), Санкт-Петербург",59.940278,30.313889,"https://www.google.com/maps/search/?api=1&query=59.940278,30.313889","https://yandex.ru/maps/?pt=30.313889,59.940278&z=17&l=map",st-petersburg/06-hermitage,3,"Ermitaj'ın ana binası Kışlık Saray; giriş Saray Meydanı'ndaki büyük avludan. 2026 saatleri: Salı/Cuma/Cumartesi 11:00–20:00, Çarşamba/Perşembe/Pazar 11:00–18:00, Pazartesi kapalı; seanslı bilet, gişe kapanıştan 1 saat önce kapanır — 5 Ocak 2027 Salı, 16:00 sonrası ziyaret uygun.",
spb-07,18,Jan 05,Akşam 19:30+,El Copitas,Эль Копитас,St. Petersburg,bar,open,"ул. Колокольная, 2/18 (Владимирский пр., 18, вход через ворота во двор), Санкт-Петербург",59.929301,30.348582,"https://www.google.com/maps/search/?api=1&query=59.929301,30.348582","https://yandex.ru/maps/?pt=30.348582,59.929301&z=17&l=map",st-petersburg/07-el-copitas,3,"World's 50 Best Bars listesine girmiş, tabelasız Meksika temalı speakeasy kokteyl barı (Şubat 2025'te yenilendi), 19:00'dan itibaren yalnızca rezervasyonla. Rezervasyon: elcopitasbar.com'daki form, Telegram @elcopitas_spb veya +7 921 941-71-68; gelmeden arayın, avlu kapısında karşılanırsınız.",
spb-08,19,Jan 06,Çalışma 08:00-16:00,Surf Coffee x Gorokhovaya,Surf Coffee x G34,St. Petersburg,cafe,open,"Гороховая ул., 34, Санкт-Петербург",59.92925,30.321156,"https://www.google.com/maps/search/?api=1&query=59.92925,30.321156","https://yandex.ru/maps/?pt=30.321156,59.92925&z=17&l=map",st-petersburg/08-surf-coffee-gorokhovaya,3,"Tuğla tonozlu, sörf temalı Surf şubesi; her gün 09:00–22:00 (08:00'de açık değil), 2GIS'te 5.0 (536 oy).",
spb-09,19,Jan 06,Gezi 16:00-19:30,Church of the Savior on Spilled Blood,Храм Спаса на Крови (Собор Воскресения Христова),St. Petersburg,landmark,open,"набережная канала Грибоедова, 2Б, Санкт-Петербург",59.940091,30.328844,"https://www.google.com/maps/search/?api=1&query=59.940091,30.328844","https://yandex.ru/maps/?pt=30.328844,59.940091&z=17&l=map",st-petersburg/09-savior-on-spilled-blood,3,"II. Aleksandr'ın suikaste uğradığı yere yapılmış, iç duvarları tamamen mozaik kaplı müze-kilise; Griboyedov Kanalı kıyısında. Saatler 10:00–18:00 (gişe 17:30'a kadar) — 16:00'da gelirseniz ~1,5 saatiniz olur.","Normalde Çarşamba kapalı; ancak resmi siteye göre okul tatilleri ve resmi tatillerde (1 Ocak hariç) her gün açık — 6 Ocak 2027 Çarşamba, Yılbaşı tatiline denk geldiği için açık olmalı."
spb-10,19,Jan 06,Akşam 19:30+,Mishka Bar,Мишка (Mishka),St. Petersburg,bar,moved,"Конногвардейский бул., 4, Санкт-Петербург",59.932984,30.29881,"https://www.google.com/maps/search/?api=1&query=59.932984,30.29881","https://yandex.ru/maps/?pt=30.29881,59.932984&z=17&l=map",st-petersburg/10-mishka-bar,3,"Kült dans barı: tuğla tonozlu, büyük kemerli pencereli salon; gündüz kafe, akşam kokteyl bar, cuma–cumartesi geceleri DJ ve dans pisti. İsaakiyevski Sobor/Admiralteyskaya metrosu yakınında, her gün 17:00'den itibaren bar (hafta sonu ~03:00'a kadar).",Bar yaklaşık 10 yıl Fontanka 40'taydı; Eylül 2021'de Konnogvardeyski bulvarı 4'teki yeni mekâna taşındı (eski rehberlerdeki Fontanka adresi artık geçersiz).
spb-11,20 / 26,Jan 07 / Jan 13,Çalışma 08:00-16:00 / Çalışma 08:00-16:00,Civil Coffee Bar,Civil (CVL Coffee),St. Petersburg,cafe,open,"Волынский пер., 8 (Яндекс: д. 6), цокольный этаж, Санкт-Петербург",59.938434,30.321776,"https://www.google.com/maps/search/?api=1&query=59.938434,30.321776","https://yandex.ru/maps/?pt=30.321776,59.938434&z=17&l=map",st-petersburg/11-civil-coffee-bar,3,"Kaliteli kahve ve gün boyu kahvaltı sunan sakin, minimalist kafe; Yandex'te 5.0 (2.600+ oy). Resmi saatler Pzt–Per ve Paz 09:00–20:00, Cum–Cmt 09:00–21:00 — 08:00'de açık değil. Diğer şube: Большой пр. П.С. 71А (Petrogradskaya).",
spb-12,20,Jan 07,Gezi 16:00-19:30,Kazan Cathedral,Казанский кафедральный собор,St. Petersburg,landmark,open,"Казанская площадь, 2, Санкт-Петербург",59.934228,30.324594,"https://www.google.com/maps/search/?api=1&query=59.934228,30.324594","https://yandex.ru/maps/?pt=30.324594,59.934228&z=17&l=map",st-petersburg/12-kazan-cathedral,3,"Nevsky Prospekt üzerindeki yarım daire sütunlu, aktif Ortodoks katedrali (Kazan Meryem Ana ikonası burada); giriş ücretsiz. 7 Ocak Ortodoks Noeli'nde ayinler ve kalabalık beklenir; omuz/diz kapalı kıyafet, kadınlar için başörtüsü önerilir.",
spb-13,20,Jan 07,Akşam 19:30+,Severyanin,Северянин,St. Petersburg,restaurant,open,"Столярный пер., 18/69, Санкт-Петербург",59.926478,30.313065,"https://www.google.com/maps/search/?api=1&query=59.926478,30.313065","https://yandex.ru/maps/?pt=30.313065,59.926478&z=17&l=map",st-petersburg/13-severyanin,3,"Eski bir Petersburg dairesi dekorunda Rus Kuzeyi mutfağı (geyik eti, balık, sugudai, kuzey meyveli likörler) sunan restoran; Sennaya meydanı yakınında. Ortalama hesap ~1.500–1.900 ₽; akşam yemeği için rezervasyon önerilir.",
spb-14,21 / 27,Jan 08 / Jan 14,Çalışma 08:00-16:00 / Çalışma 08:00-16:00,Smena Cafe,Смена,St. Petersburg,cafe,open,"Басков пер., 20, Санкт-Петербург",59.939606,30.359704,"https://www.google.com/maps/search/?api=1&query=59.939606,30.359704","https://yandex.ru/maps/?pt=30.359704,59.939606&z=17&l=map",st-petersburg/14-smena-cafe,3,"Double B'nin eski baristalarının açtığı İskandinav-minimal, aydınlık kafe; hafta içi 08:00–20:00, hafta sonu 09:00–20:00, 2GIS'te 4.8. Dikkat: kaynaklara göre bilinçli olarak Wi‑Fi yok (laptopla oturmaya izin var) — mobil internet/hotspot gerekir.",
spb-15,21,Jan 08,Gezi 16:00-19:30,Peter and Paul Fortress,Петропавловская крепость,St. Petersburg,landmark,open,"Петропавловская крепость, 3, Заячий остров, Санкт-Петербург",59.950064,30.31643,"https://www.google.com/maps/search/?api=1&query=59.950064,30.31643","https://yandex.ru/maps/?pt=30.31643,59.950064&z=17&l=map",st-petersburg/15-peter-and-paul-fortress,3,"Şehrin kurulduğu kale (Zayachy Adası); içinde Romanov çarlarının mezarlarının bulunduğu Petropavlovsk Katedrali var. Ada her gün sabahtan ~21:30'a kadar serbest gezilebilir; katedral/müzeler için gişeler ~18:00'de kapanır, 16:00'da gidip önce katedrale girin. Metro: Gorkovskaya.",
spb-16,21,Jan 08,Akşam 19:30+,Stackenschneider,Stackenschneider (Штакеншнейдер),St. Petersburg,club,closed,"Конюшенная пл., 2В (во дворе), Санкт-Петербург",59.939594,30.326861,"https://www.google.com/maps/search/?api=1&query=59.939594,30.326861","https://yandex.ru/maps/?pt=30.326861,59.939594&z=17&l=map",st-petersburg/16-stackenschneider,3,"Adını mimar Andrey Stakenşneyder'den alan, bağımsız elektronik müzik sahnesine (house/techno, yerel DJ'ler, yazın çatı terası) odaklanan underground kulüptü; 2014'te Millionnaya'dan Konyuşennaya meydanındaki avluya taşınmıştı.","Kalıcı olarak kapandı: Afisha 'Закрыто навсегда', Yandex Haritalar 'Больше не работает', Foursquare 'Now Closed'; kulübün Telegram kanalındaki son duyurularda partiler başka kulüplere (Blank, History) taşınmış. Ocak 2027 için alternatif bir elektronik müzik kulübü seçilmeli."
spb-17,22,Jan 09,Çalışma 08:00-16:00,Verle Garden,Verlé (бывш. Verlé Garden),St. Petersburg,cafe,open,"Каменноостровский просп., 25/2, Санкт-Петербург",59.963328,30.314528,"https://www.google.com/maps/search/?api=1&query=59.963328,30.314528","https://yandex.ru/maps/?pt=30.314528,59.963328&z=17&l=map",st-petersburg/17-verle-garden,3,"Bir çiftin açtığı, bitkilerle dolu minimalist specialty kahve kafesi + showroom; bugün listelerde sadece 'Verlé' adıyla geçiyor. Saatler 10:00–21:00 (08:00'de açık değil); 2GIS 4.8, Yandex 4.6, Wi‑Fi var.",
spb-18,22,Jan 09,Gezi 16:00-19:30,New Holland Island,Новая Голландия,St. Petersburg,park,open,"набережная Адмиралтейского канала, 2, Санкт-Петербург",59.929616,30.289735,"https://www.google.com/maps/search/?api=1&query=59.929616,30.289735","https://yandex.ru/maps/?pt=30.289735,59.929616&z=17&l=map",st-petersburg/18-new-holland-island,3,"Eski tersane adası; bugün park, kafe-restoran ve etkinlik alanı. Kışın ortadaki havuz buz pistine dönüşür (2025/26 sezonu 15 Kasım–15 Mart, 1 saatlik seanslar, 200–800 ₽) — 2026/27 tarihleri henüz açıklanmadı.",Ada açık; buz pisti sezonluk — 2026/27 sezonu için tarih ve seans saatlerini Aralık'ta newhollandsp.ru'dan kontrol edin.
spb-19,22,Jan 09,Akşam 19:30+,Orthodox Russian Bar,Orthodox (русский бар «Ортодокс»),St. Petersburg,bar,moved,"ул. Восстания, 4, Санкт-Петербург",59.9329,30.359133,"https://www.google.com/maps/search/?api=1&query=59.9329,30.359133","https://yandex.ru/maps/?pt=30.359133,59.9329&z=17&l=map",st-petersburg/19-orthodox-russian-bar,3,"Planda geçen bar bu: yalnızca Rusya ve eski Sovyet ülkelerinin içkileriyle (samogon, tahıl distilatları, Dağıstan şarabı vb.) Rus yazar/sanatçılarına adanmış kokteyller yapan bar. Ploşçad Vosstaniya metrosunun yanında; pazar–perşembe 18:00–02:00, cuma–cumartesi 18:00–04:00.",Uzun yıllar Rubinştejna ul. 2'deydi; Kasım 2024'te Vosstaniya ul. 4'teki daha büyük tuğla tonozlu mekâna taşındı (eski rehberlerde hâlâ Rubinştejna 2 yazıyor).
spb-20,23,Jan 10,Çalışma 08:00-16:00,Aster Cafe,Aster (Астер),St. Petersburg,cafe,open,"ул. Маяковского, 23/6, 1 этаж, Санкт-Петербург",59.939691,30.355508,"https://www.google.com/maps/search/?api=1&query=59.939691,30.355508","https://yandex.ru/maps/?pt=30.355508,59.939691&z=17&l=map",st-petersburg/20-aster-cafe,3,"Ronny ve Gills'in kurucularından kahve + kendi fırını + kahvaltı + şarap konseptli şehir kafesi (WhereToEat 2024 ödüllü). Her gün 09:00–23:00 (08:00'de açık değil); 2GIS 4.8, kalabalık ve sıra olabilir.",
spb-21,23,Jan 10,Gezi 16:00-19:30,State Russian Museum,Государственный Русский музей (Михайловский дворец),St. Petersburg,museum,open,"Инженерная улица, 4, Санкт-Петербург",59.938592,30.332221,"https://www.google.com/maps/search/?api=1&query=59.938592,30.332221","https://yandex.ru/maps/?pt=30.332221,59.938592&z=17&l=map",st-petersburg/21-russian-museum,3,"Dünyanın en büyük Rus sanatı koleksiyonu; ana bina Sanat Meydanı'ndaki Mikhailovsky Sarayı (Aivazovsky'nin 'Dokuzuncu Dalga'sı, Repin, Brüllov). Resmi saatler: Pazartesi ve Çarşamba–Pazar 10:00–20:00, Salı kapalı — 10 Ocak 2027 Pazar ziyareti uygun. Metro: Nevsky Prospekt / Gostiny Dvor.",
spb-22,23,Jan 10,Akşam 19:30+,Rubinstein Street,улица Рубинштейна,St. Petersburg,street,open,"ул. Рубинштейна (от Невского пр. до Пяти углов), Санкт-Петербург",59.92962,30.344309,"https://www.google.com/maps/search/?api=1&query=59.92962,30.344309","https://yandex.ru/maps/?pt=30.344309,59.92962&z=17&l=map",st-petersburg/22-rubinstein-street,3,"Nevski Prospekt'ten Beş Köşe'ye (Pyat Uglov) uzanan, onlarca bar ve restoranın yan yana dizildiği şehrin en bilinen bar sokaklarından; pin sokağın ortasında (Rubinştejna 11 civarı). Bar bar gezmek için sokağı baştan sona yürümek yeterli.",
spb-23,24,Jan 11,Gezi 16:00-19:30,Mariinsky Theatre,Мариинский театр (историческая сцена),St. Petersburg,landmark,open,"Театральная площадь, 1, Санкт-Петербург",59.92543,30.295909,"https://www.google.com/maps/search/?api=1&query=59.92543,30.295909","https://yandex.ru/maps/?pt=30.295909,59.92543&z=17&l=map",st-petersburg/23-mariinsky-theatre,3,"1860'tan beri bale ve operanın tarihi ana sahnesi (mavi-altın salon, Golovin perdesi); Kryukov Kanalı'nın karşısında modern Mariinsky-2 var. Akşam gösterileri genelde 19:00'da — bilet mariinsky.ru'dan.","Tarihi bina, Lermontovsky Prospekt'teki 4. sahne bitince uzun restorasyona girecek (tamamlanma ~2032 öngörülüyor); Ekim 2026 afişinde tarihi sahnede gösteri var, Ocak 2027 programını kontrol edin."
spb-24,24,Jan 11,Akşam 19:30+,Blank Club,Blank (Бланк),St. Petersburg,club,closed,"Арсенальная наб., 1, Санкт-Петербург",59.954772,30.372051,"https://www.google.com/maps/search/?api=1&query=59.954772,30.372051","https://yandex.ru/maps/?pt=30.372051,59.954772&z=17&l=map",st-petersburg/24-blank-club,3,"Eski 'Arsenal' makine fabrikasının tuğla tonozlu salonlarında 2018'de açılmış techno/elektronik kulübüydü (Neva'nın Vıborg yakasında, Arsenalnaya rıhtımı).",Kulüp Nisan 2026'da kapanacağını duyurdu ve 12–13 Haziran 2026'daki 'Son Rave' partileriyle kapandı; Yandex Haritalar'da 'Больше не работает'. Ocak 2027 için alternatif bir kulüp seçilmeli.
spb-25,25,Jan 12,Çalışma 08:00-16:00,Surf Coffee x Fontanka,Surf Coffee x Chizhik,St. Petersburg,cafe,open,"ул. Пестеля, 13-15, Санкт-Петербург",59.942421,30.34298,"https://www.google.com/maps/search/?api=1&query=59.942421,30.34298","https://yandex.ru/maps/?pt=30.34298,59.942421&z=17&l=map",st-petersburg/25-surf-coffee-fontanka,3,"'Surf Coffee x Fontanka' adında şube yok; resmi sitede 'Fontanka rıhtımının yanında' diye tanıtılan tek şube Chizhik. Her gün 09:00–22:00, laptopla çalışmaya uygun, Wi‑Fi; Yaz Bahçesi ve Mars Tarlası'na yürüme mesafesinde.",
spb-26,25,Jan 12,Gezi 16:00-19:30,St. Isaac's Cathedral & Colonnade,Исаакиевский собор и колоннада,St. Petersburg,landmark,open,"Исаакиевская площадь, 4, Санкт-Петербург",59.934047,30.30595,"https://www.google.com/maps/search/?api=1&query=59.934047,30.30595","https://yandex.ru/maps/?pt=30.30595,59.934047&z=17&l=map",st-petersburg/26-st-isaacs-cathedral,3,"Altın kubbeli dev katedral-müze; kubbe çevresindeki kolonad (seyir terası, ayrı bilet, ~260 basamak) şehrin en iyi panoramalarından. Resmi saatler: katedral 10:00–18:00 (gişe 17:30), kolonad 10:00–18:00 — 12 Ocak 2027 Salı açık; Güneş ~16:20'de battığı için 16:00'da önce kolonada çıkın.","Katedral Çarşamba kapalı, kolonad Ekim–Nisan arası ayın 3. Çarşambası kapalı (ikisi de 1 Ocak kapalı); ziyaret günü Salı olduğu için sorun yok."
spb-27,25,Jan 12,Akşam 19:30+,Golitsyn Hall,Голицын Холл (в креативном пространстве «Голицын Лофт»),St. Petersburg,venue,closed,"наб. реки Фонтанки, 20, Санкт-Петербург",59.940667,30.341221,"https://www.google.com/maps/search/?api=1&query=59.940667,30.341221","https://yandex.ru/maps/?pt=30.341221,59.940667&z=17&l=map",st-petersburg/27-golitsyn-hall,3,"Planın 'Golitsyn Hall'ü gerçek bir mekândı: Fontanka 20'deki 18. yy Golitsyn konağında kurulan 'Golitsyn Loft' yaratıcı kümesinin içinde konser, parti, sergi ve derslerin yapıldığı salon (kümede onlarca bar/kafe vardı).","Golitsyn Loft 2020 baharında kapandı; bina Nisan 2020'den beri boş ve Aralık 2023 itibarıyla aktif kullanımda değil. Afisha'da Golitsyn-hall 'kapalı', Yandex'te Golitsyn Loft 'Больше не работает'. Aynı akşam için başka bir mekân seçilmeli."
spb-28,26,Jan 13,Gezi 16:00-19:30,Sevkabel Port,Севкабель Порт,St. Petersburg,venue,open,"Кожевенная линия, 40, Васильевский остров, Санкт-Петербург",59.924553,30.240998,"https://www.google.com/maps/search/?api=1&query=59.924553,30.240998","https://yandex.ru/maps/?pt=30.240998,59.924553&z=17&l=map",st-petersburg/28-sevkabel-port,3,"Vasilyevsky Adası'nın ucunda, Fin Körfezi kıyısında eski kablo fabrikasından dönüştürülmüş kültür alanı: kafe-barlar, konser/etkinlik salonları, sahil promenadı. Giriş ücretsiz; kafe ve mekânların çoğu 10:00–23:00, barlar daha geç; 2025/26 kışında 'Горка у моря' kızak tepesi vardı.",Eylül 2026 itibarıyla faal: resmi sitede Ekim–Aralık 2026 etkinlikleri listeleniyor.
spb-29,26,Jan 13,Akşam 19:30+,Griboedov Club,Грибоедов,St. Petersburg,club,open,"Воронежская ул., 2А, Санкт-Петербург",59.919541,30.350641,"https://www.google.com/maps/search/?api=1&query=59.919541,30.350641","https://yandex.ru/maps/?pt=30.350641,59.919541&z=17&l=map",st-petersburg/29-griboedov-club,3,"1996'da 'Dva Samolyota' grubunun eski bir bomba sığınağında açtığı kült kulüp (Ekim 2026'da 30. yılı); üstündeki cam pavyon 'Griboedov Hill' bar/konser alanı. DJ partileri ve konserler, cuma–pazar sabah 06:00'ya kadar; Ligovsky Prospekt metrosuna yakın.",
spb-30,27,Jan 14,Akşam 19:30+,Pulkovo Airport,Аэропорт Пулково (пассажирский терминал),St. Petersburg,transport,open,"Пулковское шоссе, 41, Санкт-Петербург",59.79949,30.270055,"https://www.google.com/maps/search/?api=1&query=59.79949,30.270055","https://yandex.ru/maps/?pt=30.270055,59.79949&z=17&l=map",st-petersburg/30-pulkovo-airport,3,St. Petersburg'un tek uluslararası havalimanı; iç ve dış hatlar aynı birleşik yolcu terminalinde. Şehir merkezine ~20 km güneyde; metro Moskovskaya'dan otobüs ya da taksiyle ulaşılır.,
